TIMESTAMP_ISO,External_Temp,Conductivity_us,SpConductivity_us,Salinity,Chlorophyll_ugL,Chlorophyll_RFU,BGA_PE_RFU,BGA_PE_ugL,Lat,Long,ODO_Sat,Depth
2025-04-24T17:00:00,5.448074,30431.97,48569.54,31.09135,0.5686404,0.1421601,-0.03386331,-0.09481726,-68,44,4,1
2025-04-24T18:00:00,5.40921,30420.99,48610.12,31.11793,1.050551,0.2626378,0.3462536,0.9695101,-68,44,4,1
2025-04-24T19:00:00,5.669718,30625.01,48550.11,31.10666,2.159899,0.5399746,0.5722833,1.602393,-68,44,4,1
2025-04-24T20:00:00,5.591464,30557.89,48558.78,31.10353,1.762602,0.4406504,0.7496395,2.098991,-68,44,4,1
2025-04-24T21:00:00,5.592646,30561.24,48562.36,31.10621,1.934965,0.4837414,0.4626907,1.295534,-68,44,4,1
2025-04-24T22:00:00,5.421099,30423.62,48596.7,31.10988,2.023913,0.5059782,1.0227,2.86356,-68,44,4,1
2025-04-24T23:00:00,5.472672,30420.65,48515.61,31.05875,1.739481,0.4348702,1.109215,3.105802,-68,44,4,1
2025-04-25T00:00:00,5.428866,30419.94,48579.3,31.09852,1.742522,0.4356305,0.8538648,2.390821,-68,44,4,1
2025-04-25T01:00:00,5.493638,30435.7,48508.64,31.05634,1.926568,0.481642,1.008516,2.823845,-68,44,4,1
2025-04-25T02:00:00,5.506861,30467.37,48539.57,31.07982,1.562946,0.3907366,0.8682405,2.431073,-68,44,4,1
2025-04-25T03:00:00,5.514837,30461.35,48518.21,31.06566,2.059573,0.5148932,1.168911,3.272952,-68,44,4,1
2025-04-25T04:00:00,5.53693,30477.19,48510.82,31.06309,2.273289,0.5683222,1.355993,3.796782,-68,44,4,1
2025-04-25T05:00:00,5.458332,30443.64,48573.49,31.09799,1.780087,0.4450218,0.7513187,2.103692,-68,44,4,1
2025-04-25T06:00:00,5.420175,30423.72,48598.22,31.11085,2.307384,0.5768461,0.5808957,1.626508,-68,44,4,1
2025-04-25T07:00:00,5.387584,30408.3,48621.94,31.12366,2.099341,0.5248352,2.164406,6.060337,-68,44,4,1
2025-04-25T08:00:00,5.455014,30441.33,48574.73,31.09845,0.9127828,0.2281957,0.08521935,0.2386142,-68,44,4,1
2025-04-25T09:00:00,5.445998,30456.47,48612.24,31.12391,0.8874297,0.2218574,0.26022,0.7286161,-68,44,4,1
2025-04-25T10:00:00,5.6574,30642.42,48595.84,31.1376,-0.0347454,-0.008686349,-0.3795801,-1.062824,-68,44,4,1
2025-04-25T11:00:00,5.709032,30654.49,48539.07,31.10346,0.1481108,0.0370277,-0.3286761,-0.920293,-68,44,4,1
2025-04-25T12:00:00,5.557489,30483.92,48491.23,31.05167,0.2495996,0.0623999,-0.05072583,-0.1420323,-68,44,4,1
2025-04-25T13:00:00,5.774352,30690.83,48500.8,31.08396,0.2801171,0.07002927,-0.3628972,-1.016112,-68,44,4,1
2025-04-25T14:00:00,5.840793,30729.56,48464.82,31.06613,0.9344434,0.2336108,0.1634392,0.4576298,-68,44,4,1
2025-04-25T15:00:00,5.748993,30629.24,48440.56,31.03833,0.5258727,0.1314682,-0.1819918,-0.509577,-68,44,4,1
2025-04-25T16:00:00,5.696075,30609.68,48487.12,31.06513,0.4988547,0.1247137,-0.1157856,-0.3241997,-68,44,4,1
2025-04-25T17:00:00,5.779461,30709.45,48522.75,31.1001,1.967296,0.491824,1.078941,3.021034,-68,44,4,1
2025-04-25T18:00:00,5.604186,30577.85,48571.74,31.11422,1.112641,0.2781603,1.678218,4.699011,-68,44,4,1
2025-04-25T19:00:00,5.60919,30590.74,48584.84,31.1241,3.176599,0.7941498,1.939737,5.431263,-68,44,4,1
2025-04-25T20:00:00,5.745876,30659.42,48492.84,31.07501,2.126023,0.5315057,1.806139,5.057189,-68,44,4,1
2025-04-25T21:00:00,5.724009,30642.76,48498.54,31.07649,3.190399,0.7975997,1.571375,4.399848,-68,44,4,1
2025-04-25T22:00:00,5.656394,30598.79,48528.13,31.08951,0.8342988,0.2085747,2.01778,5.649784,-68,44,4,1
2025-04-25T23:00:00,5.65925,30578.95,48492.47,31.0646,2.949857,0.7374642,2.390759,6.694124,-68,44,4,1
2025-04-26T00:00:00,5.587718,30559.68,48567.14,31.10901,2.565578,0.6413944,1.008168,2.822871,-68,44,4,1
2025-04-26T01:00:00,5.608894,30561.59,48538.97,31.09158,3.17196,0.7929901,1.230559,3.445564,-68,44,4,1
2025-04-26T02:00:00,5.62302,30570.39,48532.16,31.08843,3.573606,0.8934014,1.518373,4.251444,-68,44,4,1
2025-04-26T03:00:00,5.700909,30598.15,48461.77,31.04775,2.846078,0.7115196,1.228819,3.440694,-68,44,4,1
2025-04-26T04:00:00,5.717505,30602.63,48444.55,31.03749,1.865661,0.4664153,1.079564,3.02278,-68,44,4,1
2025-04-26T05:00:00,5.721567,30636.48,48492.18,31.0717,16.90747,4.226868,1.931636,5.40858,-68,44,4,1
2025-04-26T06:00:00,5.590868,30551.76,48549.91,31.09719,2.839733,0.7099333,1.904449,5.332458,-68,44,4,1
2025-04-26T07:00:00,5.537242,30480.1,48515,31.06608,2.30143,0.5753576,2.42396,6.787087,-68,44,4,1
2025-04-26T08:00:00,5.572536,30506.57,48505.08,31.06327,2.310809,0.5777022,1.412662,3.955455,-68,44,4,1
2025-04-26T09:00:00,5.682788,30575.64,48452.68,31.03919,3.246041,0.8115101,0.8808052,2.466254,-68,44,4,1
2025-04-26T10:00:00,5.566181,30461.42,48442.65,31.01832,3.065897,0.7664742,2.252933,6.308212,-68,44,4,1
2025-04-26T11:00:00,5.478525,30335.88,48371.79,30.95773,5.751317,1.437829,2.352374,6.586646,-68,44,4,1
2025-04-26T12:00:00,5.584573,30464.24,48420.08,31.00454,2.185758,0.5464394,1.552133,4.345972,-68,44,4,1
2025-04-26T13:00:00,5.682463,30500.53,48334.13,30.95522,2.256493,0.5641232,1.435111,4.01831,-68,44,4,1
2025-04-26T14:00:00,5.696657,30517.43,48340.14,30.96114,1.577285,0.3943212,1.170801,3.278243,-68,44,4,1
2025-04-26T15:00:00,5.701389,30501.68,48308.28,30.93913,1.95735,0.4893375,1.447126,4.051953,-68,44,4,1
2025-04-26T16:00:00,5.652174,30517.87,48405.98,31.00254,2.666877,0.6667193,1.576206,4.413376,-68,44,4,1
2025-04-26T17:00:00,5.658585,30522.96,48404.66,31.00237,2.427649,0.6069122,1.249452,3.498465,-68,44,4,1
2025-04-26T18:00:00,5.628372,30498.02,48409.41,31.00217,4.444035,1.111009,1.790135,5.012378,-68,44,4,1
2025-04-26T19:00:00,5.616226,30462.8,48371.31,30.97377,3.826636,0.956659,2.275274,6.370767,-68,44,4,1
2025-04-26T20:00:00,5.637696,30460.8,48336.66,30.95177,3.671361,0.9178402,2.162972,6.056322,-68,44,4,1
2025-04-26T21:00:00,5.690208,30474.42,48281.43,30.91883,2.635989,0.6589972,2.513206,7.036975,-68,44,4,1
2025-04-26T22:00:00,5.649874,30465.23,48325.86,30.94556,2.694785,0.6736963,2.831113,7.927116,-68,44,4,1
2025-04-27T00:00:00,5.710967,30538.27,48352.22,30.97136,3.047275,0.7618187,2.124093,5.947461,-68,44,4,1
2025-04-27T01:00:00,5.692444,30490.1,48303,30.93435,2.764061,0.6910153,2.152182,6.02611,-68,44,4,1
2025-04-27T02:00:00,5.700189,30508.91,48321.48,30.94835,2.346677,0.5866692,1.590631,4.453766,-68,44,4,1
2025-04-27T03:00:00,5.791157,30479.14,48141.84,30.83169,3.162767,0.7906917,1.962729,5.49564,-68,44,4,1
2025-04-27T04:00:00,5.85129,30447.13,48004.21,30.74112,2.230968,0.5577421,0.6751477,1.890414,-68,44,4,1
2025-04-27T05:00:00,5.845354,30344.68,47851.23,30.63221,2.669359,0.6673397,1.409019,3.945253,-68,44,4,1
2025-04-27T06:00:00,5.837551,30405.98,47959.16,30.7077,1.85984,0.4649599,0.8568093,2.399066,-68,44,4,1
2025-04-27T07:00:00,5.798808,30473.39,48121.65,30.81828,2.678213,0.6695532,1.67459,4.688852,-68,44,4,1
2025-04-27T08:00:00,5.77178,30290.26,47871.5,30.6382,2.282918,0.5707296,1.006351,2.817784,-68,44,4,1
2025-04-27T09:00:00,5.830939,30407.07,47970.44,30.71491,1.935791,0.4839478,0.8809956,2.466788,-68,44,4,1
2025-04-27T10:00:00,5.72982,30421.16,48139.35,30.82286,1.719859,0.4299648,0.812794,2.275823,-68,44,4,1
2025-04-27T11:00:00,5.680577,30438.86,48239.16,30.88779,2.440936,0.6102341,1.717187,4.808124,-68,44,4,1
2025-04-27T12:00:00,5.707903,30464.94,48240.59,30.89198,2.157967,0.5394917,1.715695,4.803946,-68,44,4,1
2025-04-27T13:00:00,5.743994,30477.63,48208.06,30.87313,1.069692,0.2674229,0.5322124,1.490195,-68,44,4,1
2025-04-27T14:00:00,5.789639,30467.81,48126.16,30.82042,1.005505,0.2513763,0.6416839,1.796715,-68,44,4,1
2025-04-27T15:00:00,5.797743,30470.89,48119.27,30.81645,1.970474,0.4926184,0.9874326,2.764811,-68,44,4,1
2025-04-27T16:00:00,5.912227,30443.18,47910.06,30.68135,3.070072,0.767518,1.056835,2.959139,-68,44,4,1
2025-04-27T17:00:00,5.830235,30436.38,48017.71,30.74828,2.620315,0.6550788,1.04107,2.914996,-68,44,4,1
2025-04-27T18:00:00,5.825579,30473.75,48083.4,30.79425,2.745009,0.6862523,1.757229,4.920242,-68,44,4,1
2025-04-27T19:00:00,5.734908,30456.29,48187.54,30.85756,2.038524,0.509631,1.947495,5.452986,-68,44,4,1
2025-04-27T20:00:00,5.679392,30459.63,48273.8,30.91216,4.637381,1.159345,1.929522,5.40266,-68,44,4,1
2025-04-27T21:00:00,5.700387,30436.56,48206.61,30.86705,2.712118,0.6780294,1.757111,4.919911,-68,44,4,1
2025-04-27T22:00:00,5.717777,30433.3,48176.09,30.84747,2.73336,0.68334,1.045105,2.926294,-68,44,4,1
2025-04-27T23:00:00,5.601717,30407.19,48304.27,30.92462,3.599738,0.8999344,2.389001,6.689202,-68,44,4,1
2025-04-28T00:00:00,5.536736,30390.31,48372.83,30.96541,2.34096,0.58524,1.880611,5.265711,-68,44,4,1
2025-04-28T01:00:00,5.467491,30348.32,48407.89,30.98194,2.399534,0.5998835,1.356517,3.798247,-68,44,4,1
2025-04-28T02:00:00,5.535229,30348.68,48308.77,30.91992,2.690066,0.6725165,1.076042,3.012917,-68,44,4,1
2025-04-28T03:00:00,5.527769,30343.83,48312.02,30.92134,2.605357,0.6513393,1.296995,3.631586,-68,44,4,1
2025-04-28T04:00:00,5.580453,30327.38,48208.59,30.85442,1.626381,0.4065953,0.7483101,2.095268,-68,44,4,1
2025-04-28T05:00:00,5.58546,30278.87,48124.16,30.7953,2.50055,0.6251374,1.647465,4.612903,-68,44,4,1
2025-04-28T06:00:00,5.548945,30304.34,48218.09,30.85741,2.135683,0.5339206,0.7815849,2.188437,-68,44,4,1
2025-04-28T07:00:00,5.525021,30328.51,48291.66,30.90659,1.341856,0.3354641,0.3620796,1.013823,-68,44,4,1
2025-04-28T08:00:00,5.503206,30341.16,48343.87,30.94093,0.8808686,0.2202172,-0.0905274,-0.2534767,-68,44,4,1
2025-04-28T09:00:00,5.603613,30389.96,48274.12,30.90349,0.4590036,0.1147509,-0.3302436,-0.9246822,-68,44,4,1
2025-04-28T10:00:00,5.573071,30380.96,48304.58,30.92143,0.6049078,0.1512269,0.06946436,0.1945002,-68,44,4,1
2025-04-28T11:00:00,5.717506,30516.82,48308.7,30.9413,0.5041668,0.1260417,-0.1081453,-0.3028069,-68,44,4,1
2025-04-28T12:00:00,5.665622,30575.69,48477.95,31.05507,0.4855532,0.1213883,-0.2723506,-0.7625818,-68,44,4,1
2025-04-28T13:00:00,5.462465,30462.98,48598.24,31.11599,0.7330168,0.1832542,0.01276221,0.03573418,-68,44,4,1
2025-04-28T14:00:00,5.635886,30522.9,48437.87,31.02319,0.2480258,0.06200645,-0.03855423,-0.1079518,-68,44,4,1
2025-04-28T15:00:00,5.730331,30577.64,48386.22,30.99768,0.4651963,0.1162991,0.01660776,0.04650172,-68,44,4,1
2025-04-28T16:00:00,6.055156,30830.61,48312.21,30.98221,0.4461889,0.1115472,-0.2435159,-0.6818446,-68,44,4,1
2025-04-28T17:00:00,5.772096,30578.7,48326.89,30.96051,1.43136,0.3578401,0.5594891,1.566569,-68,44,4,1
2025-04-28T18:00:00,5.711315,30571.87,48404.91,31.00869,1.102065,0.2755162,1.478134,4.138774,-68,44,4,1
2025-04-28T19:00:00,5.845024,30711.03,48429.41,31.04153,1.833405,0.4583514,0.9714535,2.72007,-68,44,4,1
2025-04-28T20:00:00,5.771921,30675.7,48480.45,31.06926,1.617906,0.4044764,0.6441387,1.803588,-68,44,4,1
2025-04-28T21:00:00,5.602359,30600.92,48611.07,31.14186,1.394167,0.3485417,0.7787448,2.180485,-68,44,4,1
2025-04-28T22:00:00,5.769084,30637.94,48424.92,31.02959,2.564232,0.6410581,1.317789,3.689809,-68,44,4,1
2025-04-28T23:00:00,5.747578,30638.35,48457.03,31.04983,1.790126,0.4475316,0.9270921,2.595858,-68,44,4,1
2025-04-29T00:00:00,5.570853,30495.07,48489.29,31.05189,1.60335,0.4008375,0.5090755,1.425411,-68,44,4,1
2025-04-29T01:00:00,5.522556,30496.78,48563.24,31.09846,2.463733,0.6159333,1.727831,4.837926,-68,44,4,1
2025-04-29T02:00:00,5.549479,30501.93,48531.7,31.07936,1.413741,0.3534353,0.6269875,1.755565,-68,44,4,1
2025-04-29T03:00:00,5.553527,30495.83,48516.02,31.06875,1.730055,0.4325139,0.8292192,2.321814,-68,44,4,1
2025-04-29T04:00:00,5.552687,30495.12,48516.12,31.06872,2.209616,0.5524041,0.9560706,2.676998,-68,44,4,1
2025-04-29T05:00:00,5.585835,30488.08,48456.12,31.03019,1.883743,0.4709358,1.396755,3.910913,-68,44,4,1
2025-04-29T06:00:00,5.600414,30477.62,48418.06,31.00497,1.17451,0.2936276,0.6125394,1.71511,-68,44,4,1
2025-04-29T07:00:00,5.60675,30491.63,48431.01,31.01489,1.082642,0.2706605,0.048756,0.1365168,-68,44,4,1
2025-04-29T08:00:00,5.622522,30523.72,48458.8,31.03643,0.6416025,0.1604006,-0.1572938,-0.4404227,-68,44,4,1
2025-04-29T09:00:00,5.552246,30500.96,48526.08,31.07571,0.2302464,0.0575616,-0.186947,-0.5234516,-68,44,4,1
2025-04-29T10:00:00,5.565422,30519.54,48536.2,31.08445,0.2868286,0.07170716,-0.2353709,-0.6590384,-68,44,4,1
2025-04-29T11:00:00,5.890192,30747.69,48421.35,31.04099,0.6353306,0.1588326,0.01686372,0.04721841,-68,44,4,1
2025-04-29T12:00:00,5.790762,30695.34,48483.92,31.0739,0.2140841,0.05352102,-0.2445832,-0.684833,-68,44,4,1
2025-04-29T13:00:00,5.78731,30720.64,48528.93,31.10539,0.1904788,0.04761971,-0.3119051,-0.8733342,-68,44,4,1
2025-04-29T14:00:00,5.786331,30705.48,48506.41,31.08933,0.2556204,0.0639051,-0.2319171,-0.6493679,-68,44,4,1
2025-04-29T15:00:00,5.996729,30856.99,48438.26,31.06505,0.1703021,0.04257552,-0.06448891,-0.1805689,-68,44,4,1
2025-04-29T16:00:00,5.954975,30778.85,48376.16,31.01631,0.3716645,0.09291612,-0.1598681,-0.4476306,-68,44,4,1
2025-04-29T17:00:00,5.88203,30731.63,48407.95,31.03056,0.5274379,0.1318595,-0.09751315,-0.2730368,-68,44,4,1
2025-04-29T18:00:00,5.977096,30758.56,48312.18,30.97346,0.8898985,0.2224746,0.1395008,0.3906021,-68,44,4,1
2025-04-29T19:00:00,5.830534,30704.56,48440.36,31.04762,1.329608,0.3324021,1.002449,2.806857,-68,44,4,1
2025-04-29T20:00:00,5.7788,30697.39,48504.66,31.08722,1.773521,0.4433802,0.6264274,1.753997,-68,44,4,1
2025-04-29T21:00:00,6.493607,30100.47,46557.12,29.78612,3.909188,0.9772969,0.4922979,1.378434,-68,44,4,1
2025-04-29T22:00:00,6.251395,30419.76,47390.07,30.35027,2.213168,0.5532919,1.485295,4.158826,-68,44,4,1
2025-04-29T23:00:00,6.169672,30474.32,47590.79,30.48364,2.114065,0.5285163,1.30926,3.665928,-68,44,4,1
2025-04-30T00:00:00,6.035244,30506.15,47832.29,30.63997,1.898623,0.4746558,1.445641,4.047796,-68,44,4,1
2025-04-30T01:00:00,6.017457,30332.95,47586.06,30.46376,1.816794,0.4541986,1.113951,3.119062,-68,44,4,1
2025-04-30T02:00:00,6.071791,30394.34,47604.87,30.48301,1.440181,0.3600451,0.6470418,1.811717,-68,44,4,1
2025-04-30T03:00:00,6.188185,30423.7,47485.52,30.41111,2.043166,0.5107915,1.270923,3.558584,-68,44,4,1
2025-04-30T04:00:00,6.093092,30247.04,47344,30.30078,2.843008,0.710752,0.8724506,2.442862,-68,44,4,1
2025-04-30T05:00:00,6.084138,30270.04,47392.68,30.33424,1.598781,0.3996953,1.254369,3.512232,-68,44,4,1
2025-04-30T06:00:00,6.160593,30177.09,47139.38,30.16332,1.412544,0.353136,1.855475,5.19533,-68,44,4,1
2025-04-30T07:00:00,6.224831,30141.26,46993.34,30.06688,1.317814,0.3294535,0.4779966,1.338391,-68,44,4,1
2025-04-30T08:00:00,6.276829,30167.64,46961.76,30.05,1.075426,0.2688564,0.5860965,1.64107,-68,44,4,1
2025-04-30T09:00:00,6.336823,30211.68,46946.57,30.04548,0.6761938,0.1690485,0.02269587,0.06354845,-68,44,4,1
2025-04-30T10:00:00,6.360517,30531.35,47409.96,30.37581,0.2641303,0.06603257,-0.1096361,-0.3069811,-68,44,4,1
2025-04-30T11:00:00,6.486797,30451.96,47110.24,30.17663,0.8427514,0.2106878,-0.1057668,-0.2961472,-68,44,4,1
2025-04-30T12:00:00,6.502058,30582.02,47290.12,30.30555,0.3495247,0.08738118,-0.2610394,-0.7309103,-68,44,4,1
2025-04-30T13:00:00,6.458233,30726.29,47574.8,30.50274,0.5365239,0.134131,0.1137214,0.31842,-68,44,4,1
2025-04-30T14:00:00,6.510225,30809.99,47631.15,30.54806,0.3751103,0.09377757,-0.1966061,-0.5504971,-68,44,4,1
2025-04-30T15:00:00,6.532648,30720.57,47461.5,30.43009,0.9961323,0.2490331,-0.07961738,-0.2229287,-68,44,4,1
2025-04-30T16:00:00,6.631656,30660.59,47230.84,30.27666,0.4505196,0.1126299,0.1033847,0.2894773,-68,44,4,1
2025-04-30T17:00:00,6.516471,30547.42,47216.52,30.2549,0.6143259,0.1535815,0.1193337,0.3341344,-68,44,4,1
2025-04-30T18:00:00,6.496594,30524.56,47208.89,30.24747,1.397016,0.3492539,0.7358387,2.060348,-68,44,4,1
2025-04-30T19:00:00,6.536037,30505.89,47125.12,30.19216,2.077513,0.5193783,1.007022,2.819662,-68,44,4,1
2025-04-30T20:00:00,6.467289,30591.25,47353.03,30.34654,1.855381,0.4638452,1.291331,3.615727,-68,44,4,1
2025-04-30T21:00:00,6.448159,30654.73,47478.15,30.4332,1.978685,0.4946712,0.9159154,2.564563,-68,44,4,1
2025-04-30T22:00:00,6.44989,30664.19,47490.36,30.44204,1.908449,0.4771121,0.9439276,2.642997,-68,44,4,1
2025-04-30T23:00:00,6.417478,30563.31,47379.55,30.36019,2.230195,0.5575486,1.035496,2.89939,-68,44,4,1
2025-05-01T00:00:00,6.223952,30589.11,47692.84,30.5617,1.83751,0.4593775,1.961232,5.491451,-68,44,4,1
2025-05-01T01:00:00,5.91187,30518.58,48029.23,30.76566,2.127672,0.5319179,0.8951763,2.506494,-68,44,4,1
2025-05-01T02:00:00,6.042334,30505.83,47821.63,30.63319,1.215045,0.3037613,0.9298258,2.603512,-68,44,4,1
2025-05-01T03:00:00,5.898075,30446.82,47936.18,30.69823,2.089194,0.5222985,0.5502193,1.540614,-68,44,4,1
2025-05-01T04:00:00,5.915578,30428.16,47881.59,30.66157,2.510695,0.6276739,0.5775083,1.617023,-68,44,4,1
2025-05-01T05:00:00,5.884364,30426.04,47923.23,30.68753,1.707384,0.4268461,1.364691,3.821135,-68,44,4,1
2025-05-01T06:00:00,5.867575,30404.69,47913.8,30.67897,1.510253,0.3775632,1.434352,4.016186,-68,44,4,1
2025-05-01T07:00:00,5.902258,30403.85,47862.5,30.64657,0.7615989,0.1903997,0.1486793,0.4163021,-68,44,4,1
2025-05-01T08:00:00,5.935348,30438.32,47869.14,30.65497,0.5648939,0.1412235,0.04471088,0.1251905,-68,44,4,1
2025-05-01T09:00:00,5.954042,30478.55,47905.51,30.6828,0.534498,0.1336245,-0.1643902,-0.4602925,-68,44,4,1
2025-05-01T10:00:00,5.917721,30530.8,48040.03,30.77396,0.2426006,0.06065014,-0.2026393,-0.56739,-68,44,4,1
2025-05-01T11:00:00,6.034625,30612.36,47999.71,30.75845,0.2653183,0.06632957,-0.2524755,-0.7069314,-68,44,4,1
2025-05-01T12:00:00,6.224161,30688.83,47848.02,30.67166,0.08449186,0.02112297,-0.2430667,-0.6805868,-68,44,4,1
2025-05-01T13:00:00,6.249672,30724.96,47867.97,30.68855,0.2562161,0.06405403,-0.2233348,-0.6253374,-68,44,4,1
2025-05-01T14:00:00,6.27569,30801.66,47950.34,30.74973,0.3559874,0.08899685,0.0400597,0.1121671,-68,44,4,1
2025-05-01T15:00:00,6.193934,30838.43,48124.58,30.86445,0.1085545,0.02713863,-0.2499342,-0.6998159,-68,44,4,1
2025-05-01T16:00:00,6.184397,30884.27,48209.82,30.92385,0.4396794,0.1099198,-0.03479741,-0.09743274,-68,44,4,1
2025-05-01T17:00:00,6.282501,30846.98,48011.18,30.79361,0.7261499,0.1815375,-0.1612414,-0.4514758,-68,44,4,1
2025-05-01T18:00:00,6.102528,30738.62,48099.88,30.83693,0.9264013,0.2316003,0.1686648,0.4722614,-68,44,4,1
2025-05-01T19:00:00,6.006417,30693.8,48168.11,30.87463,1.266844,0.3167109,0.5859135,1.640558,-68,44,4,1
2025-05-01T20:00:00,6.068511,30743.32,48156.18,30.87308,1.445212,0.361303,0.3712268,1.039435,-68,44,4,1
2025-05-01T21:00:00,6.075102,30827.22,48278.09,30.96023,1.281348,0.3203371,0.5298747,1.483649,-68,44,4,1
2025-05-01T22:00:00,6.153737,30826.72,48164.02,30.88802,3.231789,0.8079473,0.6645643,1.86078,-68,44,4,1
2025-05-01T23:00:00,6.118721,30854.64,48258.06,30.95086,1.918859,0.4797146,1.57638,4.413864,-68,44,4,1
2025-05-02T00:00:00,5.99957,30808.12,48357.42,31.00805,1.303585,0.3258963,0.6731348,1.884777,-68,44,4,1
2025-05-02T01:00:00,6.056797,30750.76,48184.73,30.89202,1.754881,0.4387203,0.5037911,1.410615,-68,44,4,1
2025-05-02T02:00:00,6.049888,30779.51,48239.75,30.93025,1.777354,0.4443386,0.7932511,2.221103,-68,44,4,1
2025-05-02T03:00:00,6.006517,30760.24,48272.21,30.94843,1.6209,0.4052249,1.024991,2.869974,-68,44,4,1
2025-05-02T04:00:00,5.974129,30770.72,48335.59,30.98972,2.688871,0.6722177,0.9919266,2.777394,-68,44,4,1
2025-05-02T05:00:00,6.012701,30770.66,48279.63,30.95437,1.70512,0.42628,0.6210621,1.738974,-68,44,4,1
2025-05-02T06:00:00,6.012245,30713.6,48190.75,30.89132,2.892632,0.7231579,0.7889889,2.209169,-68,44,4,1
2025-05-02T07:00:00,6.027245,30680.78,48117.62,30.84118,1.343058,0.3357646,0.4006683,1.121871,-68,44,4,1
2025-05-02T08:00:00,6.098147,30699.96,48045.66,30.79804,2.6972,0.6743,0.9993939,2.798303,-68,44,4,1
2025-05-02T09:00:00,6.085622,30696.02,48057.48,30.80503,1.270777,0.3176944,0.5171635,1.448058,-68,44,4,1
2025-05-02T10:00:00,6.097387,30729.9,48093.62,30.83193,0.9573448,0.2393362,0.9268848,2.595277,-68,44,4,1
2025-05-02T11:00:00,6.030474,30779.43,48267.67,30.94789,1.626106,0.4065265,0.9532771,2.669176,-68,44,4,1
2025-05-02T12:00:00,5.9969,30805.9,48357.82,31.00804,1.462178,0.3655445,1.338507,3.74782,-68,44,4,1
2025-05-02T13:00:00,6.054239,30771.97,48221.65,30.91792,2.794047,0.6985117,1.998253,5.595107,-68,44,4,1
2025-05-02T14:00:00,6.061185,30760.9,48194.29,30.89928,1.302109,0.3255272,0.3578901,1.002092,-68,44,4,1
2025-05-02T15:00:00,6.135846,30790.51,48133.13,30.86417,0.9615601,0.24039,0.07192262,0.2013833,-68,44,4,1
2025-05-02T16:00:00,6.158646,30838.52,48175.39,30.89663,1.528669,0.3821673,0.7485603,2.095969,-68,44,4,1
2025-05-02T17:00:00,6.076603,30828.97,48278.66,30.96081,1.164023,0.2910057,0.5647151,1.581202,-68,44,4,1
2025-05-02T18:00:00,6.105339,30814.33,48214.29,30.91835,2.373305,0.5933262,0.75592,2.116576,-68,44,4,1
2025-05-02T19:00:00,6.081761,30773.81,48184.85,30.89487,2.272505,0.5681263,1.103642,3.090197,-68,44,4,1
2025-05-02T20:00:00,6.140377,30824.3,48179.45,30.89751,3.842401,0.9606003,0.3263363,0.9137417,-68,44,4,1
2025-05-02T21:00:00,6.143692,30788.13,48118.14,30.8544,2.473994,0.6184984,1.830099,5.124278,-68,44,4,1
2025-05-02T22:00:00,6.113483,30801.03,48181.75,30.89618,2.834042,0.7085105,1.095189,3.066529,-68,44,4,1
2025-05-02T23:00:00,6.125956,30820.83,48194.76,30.90677,1.919034,0.4797586,1.32742,3.716776,-68,44,4,1
2025-05-03T00:00:00,6.122644,30861.47,48263.09,30.95487,3.102632,0.775658,1.734454,4.856471,-68,44,4,1
2025-05-03T01:00:00,6.057207,30808.58,48274.74,30.95587,2.555021,0.6387551,1.925686,5.39192,-68,44,4,1
2025-05-03T02:00:00,6.08534,30775.01,48181.56,30.89294,1.741761,0.4354404,0.9222699,2.582356,-68,44,4,1
2025-05-03T03:00:00,6.089724,30808.72,48228.02,30.92635,2.266577,0.5666443,1.459125,4.08555,-68,44,4,1
2025-05-03T04:00:00,6.057119,30785.83,48239.21,30.93068,1.794243,0.4485608,1.138269,3.187154,-68,44,4,1
2025-05-03T05:00:00,6.023666,30752.56,48235.37,30.92423,2.152285,0.5380713,1.535486,4.299361,-68,44,4,1
2025-05-03T06:00:00,6.033461,30749.43,48216.31,30.91182,1.012598,0.2531494,0.863902,2.418926,-68,44,4,1
2025-05-03T07:00:00,6.046847,30757.25,48209.24,30.90829,1.271698,0.3179246,0.7236103,2.026109,-68,44,4,1
2025-05-03T08:00:00,6.107038,30797.38,48185.32,30.898,1.161328,0.290332,0.6849384,1.917828,-68,44,4,1
2025-05-03T09:00:00,6.131967,30760.34,48091.55,30.83426,2.018316,0.5045789,1.136835,3.183139,-68,44,4,1
2025-05-03T10:00:00,6.142007,30786.06,48117.33,30.85364,0.7981406,0.1995351,-0.1239924,-0.3471788,-68,44,4,1
2025-05-03T11:00:00,6.212756,30852.71,48119.86,30.86315,0.786221,0.1965552,0.2135235,0.5978657,-68,44,4,1
2025-05-03T12:00:00,6.289413,30957.66,48173.55,30.90952,0.8233916,0.2058479,0.3047488,0.8532966,-68,44,4,1
2025-05-03T13:00:00,6.162327,30902.84,48270.57,30.96453,1.18222,0.295555,0.7136129,1.998116,-68,44,4,1
2025-05-03T14:00:00,6.340208,31003.02,48171.41,30.91346,1.673998,0.4184996,0.8204991,2.297398,-68,44,4,1
2025-05-03T15:00:00,6.58532,31162.67,48069.79,30.86709,0.6950701,0.1737675,0.02859878,0.08007658,-68,44,4,1
2025-05-03T16:00:00,6.452345,31091.79,48149.09,30.90953,1.444953,0.3612384,1.1775,3.296999,-68,44,4,1
2025-05-03T17:00:00,6.437071,31084.44,48159.48,30.91529,2.649813,0.6624532,1.782196,4.990149,-68,44,4,1
2025-05-03T18:00:00,6.579702,31192.62,48123.97,30.90499,2.129437,0.5323592,1.073243,3.005082,-68,44,4,1
2025-05-03T19:00:00,6.362656,30969.71,48087.62,30.8564,3.196021,0.7990052,1.399803,3.919448,-68,44,4,1
2025-05-03T20:00:00,6.216542,30866.09,48135.3,30.87451,2.249982,0.5624956,1.151494,3.224184,-68,44,4,1
2025-05-03T21:00:00,6.284546,30913.33,48111.53,30.865,3.020823,0.7552058,0.72137,2.019836,-68,44,4,1
2025-05-03T22:00:00,6.537203,30720.16,47454.49,30.4256,2.28239,0.5705974,1.56515,4.38242,-68,44,4,1
2025-05-03T23:00:00,6.477484,30873.02,47774.79,30.64653,2.036991,0.5092478,1.206188,3.377328,-68,44,4,1
2025-05-04T00:00:00,6.404344,30962.58,48017.18,30.81083,2.304332,0.5760831,1.096265,3.069541,-68,44,4,1
2025-05-04T01:00:00,6.379623,30912.35,47974.41,30.77787,1.830965,0.4577412,2.192807,6.13986,-68,44,4,1
2025-05-04T02:00:00,6.360586,30901.89,47985.25,30.78355,5.50992,1.37748,1.923139,5.384789,-68,44,4,1
2025-05-04T03:00:00,6.409641,30876.74,47876.54,30.71162,3.486908,0.8717271,1.772694,4.963543,-68,44,4,1
2025-05-04T04:00:00,6.434598,30894.19,47868.22,30.70834,2.145226,0.5363066,1.515103,4.242287,-68,44,4,1
2025-05-04T05:00:00,6.386262,30829.89,47837.03,30.68113,2.976368,0.744092,1.008108,2.822703,-68,44,4,1
2025-05-04T06:00:00,6.382174,30832.43,47846.76,30.68761,3.618438,0.9046096,7.055851,19.75638,-68,44,4,1
2025-05-04T07:00:00,6.365788,30821.06,47852.35,30.68984,2.354822,0.5887055,1.063336,2.97734,-68,44,4,1
2025-05-04T08:00:00,6.311169,30873.29,48011.21,30.7967,2.083105,0.5207762,1.34541,3.767148,-68,44,4,1
2025-05-04T09:00:00,6.277691,30880.51,48070.25,30.83498,1.54792,0.38698,1.09952,3.078655,-68,44,4,1
2025-05-04T10:00:00,6.499221,30977.41,47905.54,30.74156,2.888432,0.722108,1.61057,4.509596,-68,44,4,1
2025-05-04T11:00:00,6.38535,30938.81,48007.33,30.80184,1.985466,0.4963665,1.895745,5.308084,-68,44,4,1
2025-05-04T12:00:00,6.428353,30950.43,47964.23,30.77579,1.92876,0.48219,1.906812,5.339073,-68,44,4,1
2025-05-04T13:00:00,6.434004,30955.21,47963.61,30.77594,2.641754,0.6604385,1.902199,5.326157,-68,44,4,1
2025-05-04T14:00:00,6.447672,30946.99,47931.5,30.75458,3.097059,0.7742647,1.404152,3.931626,-68,44,4,1
2025-05-04T15:00:00,6.403299,30957.93,48011.45,30.80665,2.011936,0.5029839,1.267814,3.549878,-68,44,4,1
2025-05-04T16:00:00,6.451699,30993.91,47998.44,30.80251,2.357341,0.5893351,1.762398,4.934715,-68,44,4,1
2025-05-04T17:00:00,6.55862,31057.87,47945.86,30.77633,2.460583,0.6151458,1.849217,5.177809,-68,44,4,1
2025-05-04T18:00:00,6.430562,30938.66,47942.86,30.76086,3.438222,0.8595554,2.293186,6.42092,-68,44,4,1
2025-05-04T19:00:00,6.338991,30904.01,48019.31,30.8054,3.334725,0.8336813,1.519493,4.254579,-68,44,4,1
2025-05-04T20:00:00,6.448717,30955.97,47943.92,30.76351,2.510734,0.6276834,1.326086,3.713042,-68,44,4,1
2025-05-04T21:00:00,6.373086,30925.34,48003.87,30.79807,1.706055,0.4265137,1.116959,3.127486,-68,44,4,1
2025-05-04T22:00:00,6.372314,30903.28,47970.72,30.77448,4.009878,1.00247,1.281147,3.587211,-68,44,4,1
2025-05-04T23:00:00,6.48826,30904.23,47807.85,30.6711,2.98613,0.7465325,5.622089,15.74185,-68,44,4,1
2025-05-05T00:00:00,6.42486,30896.95,47886.3,30.72013,2.311368,0.577842,0.7837632,2.194537,-68,44,4,1
2025-05-05T01:00:00,6.4824,30934.44,47862.87,30.70952,4.095043,1.023761,2.127908,5.958144,-68,44,4,1
2025-05-05T02:00:00,6.416416,30883.31,47877.13,30.71274,2.999045,0.7497613,1.980612,5.545713,-68,44,4,1
2025-05-05T03:00:00,6.388529,30840.93,47850.94,30.69123,2.924762,0.7311904,1.864225,5.21983,-68,44,4,1
2025-05-05T04:00:00,6.423996,30792.75,47726.02,30.60637,3.291681,0.8229202,2.736078,7.661017,-68,44,4,1
2025-05-05T05:00:00,6.386627,30695.64,47628.2,30.53312,2.57989,0.6449724,3.301553,9.244349,-68,44,4,1
2025-05-05T06:00:00,6.382139,30679.9,47610.11,30.51984,2.387118,0.5967795,1.266016,3.544845,-68,44,4,1
2025-05-05T07:00:00,6.417572,30701.12,47593.06,30.51145,1.785479,0.4463697,1.104738,3.093267,-68,44,4,1
2025-05-05T08:00:00,6.367168,30742.49,47728.42,30.60211,0.9996767,0.2499192,0.5648158,1.581484,-68,44,4,1
2025-05-05T09:00:00,6.534576,30935.08,47790.18,30.66336,1.163533,0.2908834,0.8231596,2.304847,-68,44,4,1
2025-05-05T10:00:00,6.83167,31053.1,47555.61,30.52685,0.6497501,0.1624375,0.009840718,0.02755401,-68,44,4,1
2025-05-05T11:00:00,6.746645,31065.66,47693.47,30.61627,0.725077,0.1812692,0.08792894,0.246201,-68,44,4,1
2025-05-05T12:00:00,6.754042,31109.53,47750.45,30.65747,0.882488,0.220622,0.4794966,1.342591,-68,44,4,1
2025-05-05T13:00:00,6.71939,31079.69,47753.17,30.65592,1.129776,0.2824441,0.2223536,0.6225901,-68,44,4,1
2025-05-05T14:00:00,6.823179,31184.45,47768.63,30.67728,1.00345,0.2508626,0.4431244,1.240748,-68,44,4,1
2025-05-05T15:00:00,6.853916,31185.69,47727.61,30.65118,1.155954,0.2889886,0.5225763,1.463214,-68,44,4,1
2025-05-05T16:00:00,6.915883,31216.34,47688.15,30.62923,1.423203,0.3558008,0.843674,2.362287,-68,44,4,1
2025-05-05T17:00:00,6.755088,31108.89,47748.02,30.65583,1.496072,0.3740181,1.253669,3.510274,-68,44,4,1
2025-05-05T18:00:00,6.740294,31123.73,47791.52,30.68525,2.837771,0.7094427,1.37281,3.843868,-68,44,4,1
2025-05-05T19:00:00,6.67178,31104.91,47858.79,30.7261,2.367844,0.5919611,1.59152,4.456257,-68,44,4,1
2025-05-05T20:00:00,6.675951,31060.28,47784.27,30.6736,2.745795,0.6864488,1.42343,3.985605,-68,44,4,1
2025-05-05T21:00:00,6.770459,31102.25,47716.32,30.63487,1.093437,0.2733592,2.463548,6.897933,-68,44,4,1
2025-05-05T22:00:00,6.720119,31121.98,47817.12,30.7014,1.555321,0.3888302,2.170971,6.078719,-68,44,4,1
2025-05-05T23:00:00,6.658021,31108.63,47883.88,30.74251,2.195,0.5487499,1.406534,3.938295,-68,44,4,1
2025-05-06T00:00:00,6.880723,31147.53,47631.89,30.58583,3.422425,0.8556063,2.167867,6.070028,-68,44,4,1
2025-05-06T01:00:00,6.843805,31129.19,47655.22,30.59877,1.744262,0.4360654,2.258426,6.323592,-68,44,4,1
2025-05-06T02:00:00,6.797945,31101.53,47676.81,30.60956,3.208112,0.802028,2.424215,6.787801,-68,44,4,1
2025-05-06T03:00:00,6.77099,31080.01,47681.46,30.61018,2.964531,0.7411327,1.903894,5.330902,-68,44,4,1
2025-05-06T04:00:00,6.794274,31062.32,47621.82,30.57015,3.30244,0.82561,2.062218,5.774209,-68,44,4,1
2025-05-06T05:00:00,6.822142,31070.91,47596.16,30.55469,2.744932,0.686233,1.47931,4.142069,-68,44,4,1
2025-05-06T06:00:00,6.813599,31057.86,47588.07,30.5481,1.975924,0.4939811,2.399309,6.718066,-68,44,4,1
2025-05-06T07:00:00,6.81468,31070.11,47605.33,30.56046,2.717235,0.6793087,1.334615,3.736922,-68,44,4,1
2025-05-06T08:00:00,6.757466,31046.79,47649.39,30.58605,1.935551,0.4838879,2.178146,6.098808,-68,44,4,1
2025-05-06T09:00:00,6.799292,31069.5,47625.83,30.57349,2.456974,0.6142435,1.925596,5.391668,-68,44,4,1
2025-05-06T10:00:00,6.748644,31097.23,47739.14,30.6489,1.916453,0.4791133,1.35543,3.795204,-68,44,4,1
2025-05-06T11:00:00,6.732386,31108.54,47779.28,30.67576,2.256026,0.5640064,1.314384,3.680276,-68,44,4,1
2025-05-06T12:00:00,6.737072,31125.11,47798.16,30.68964,2.225269,0.5563172,1.732841,4.851955,-68,44,4,1
2025-05-06T13:00:00,6.8261,31125.79,47674.7,30.61085,3.235988,0.808997,1.868999,5.233198,-68,44,4,1
2025-05-06T14:00:00,6.86813,31162.52,47672.34,30.61333,1.998581,0.4996453,1.775745,4.972087,-68,44,4,1
2025-05-06T15:00:00,6.852099,31153.54,47680.93,30.61785,2.501478,0.6253696,1.894164,5.303659,-68,44,4,1
2025-05-06T16:00:00,6.788441,31101.39,47689.88,30.61789,2.821979,0.7054946,2.491253,6.975509,-68,44,4,1
2025-05-06T17:00:00,6.747019,31060.45,47684.94,30.61025,2.933725,0.7334313,2.010154,5.62843,-68,44,4,1
2025-05-06T18:00:00,6.762728,31079.9,47692.84,30.61743,2.894611,0.7236527,1.960755,5.490115,-68,44,4,1
2025-05-06T19:00:00,6.794781,31112.79,47698.49,30.62465,2.430803,0.6077008,1.68744,4.724832,-68,44,4,1
2025-05-06T20:00:00,6.817256,31110.73,47663.97,30.60237,1.313781,0.3284452,2.286973,6.403526,-68,44,4,1
2025-05-06T21:00:00,6.781898,31113.27,47717.23,30.63667,1.070289,0.2675721,2.507345,7.020567,-68,44,4,1
2025-05-06T22:00:00,6.732367,31058.53,47702.49,30.62125,3.632127,0.9080318,2.229418,6.242369,-68,44,4,1
2025-05-06T23:00:00,6.750222,31094.85,47733.27,30.64489,2.74931,0.6873276,2.145741,6.008073,-68,44,4,1
2025-05-07T00:00:00,6.746571,31121.4,47779.14,30.6771,2.247349,0.5618373,1.451398,4.063915,-68,44,4,1
2025-05-07T01:00:00,6.737874,31051.83,47684.49,30.60903,2.982729,0.7456823,1.93995,5.43186,-68,44,4,1
2025-05-07T02:00:00,6.713278,31011.3,47656.64,30.58679,3.304726,0.8261814,1.961762,5.492933,-68,44,4,1
2025-05-07T03:00:00,6.731291,31031.78,47662.91,30.59305,3.853517,0.9633793,2.410371,6.74904,-68,44,4,1
2025-05-07T04:00:00,6.730591,31039.77,47676.17,30.60239,2.934956,0.733739,2.664087,7.459445,-68,44,4,1
2025-05-07T05:00:00,6.680642,30987.32,47665.46,30.58977,2.798739,0.6996847,1.809057,5.065361,-68,44,4,1
2025-05-07T06:00:00,6.660051,30981.24,47684.95,30.60152,2.717414,0.6793534,1.866467,5.226107,-68,44,4,1
2025-05-07T07:00:00,6.731447,31057.33,47701.94,30.62077,2.399845,0.5999612,1.325434,3.711215,-68,44,4,1
2025-05-07T08:00:00,6.725402,31054.51,47706.06,30.62309,1.73607,0.4340174,1.739297,4.870032,-68,44,4,1
2025-05-07T09:00:00,6.686312,31028.22,47720.41,30.62934,1.422665,0.3556662,0.8412365,2.355462,-68,44,4,1
2025-05-07T10:00:00,6.759192,31092.98,47717.85,30.63485,1.105448,0.2763619,0.4663476,1.305773,-68,44,4,1
2025-05-07T11:00:00,6.839079,31168.62,47722.19,30.64587,1.177926,0.2944815,0.5903734,1.653046,-68,44,4,1
2025-05-07T12:00:00,7.100545,30961.93,47045.98,30.19102,0.9778121,0.244453,0.4430301,1.240484,-68,44,4,1
2025-05-07T13:00:00,7.247923,30828.13,46643.19,29.91891,2.387057,0.5967642,1.451329,4.063723,-68,44,4,1
2025-05-07T14:00:00,7.449017,30789.78,46316.01,29.70484,1.314097,0.3285242,0.688459,1.927685,-68,44,4,1
2025-05-07T15:00:00,7.704401,30833.06,46043.26,29.53332,1.036081,0.2590202,0.7875149,2.205042,-68,44,4,1
2025-05-07T16:00:00,7.867103,30812.31,45799.74,29.37408,1.956416,0.4891039,1.175668,3.291871,-68,44,4,1
2025-05-07T17:00:00,7.700566,30851.73,46076.18,29.55633,2.212982,0.5532456,1.129243,3.161879,-68,44,4,1
2025-05-07T18:00:00,7.720855,31051.52,46347.75,29.75067,2.400923,0.6002308,1.3423,3.758439,-68,44,4,1
2025-05-07T19:00:00,7.431235,31047.73,46727.9,29.99544,2.654583,0.6636457,1.742038,4.877706,-68,44,4,1
2025-05-07T20:00:00,7.489056,31020.55,46609.53,29.91653,1.792809,0.4482022,1.208795,3.384627,-68,44,4,1
2025-05-07T21:00:00,7.337397,31015.07,46805.01,30.04178,2.122563,0.5306407,1.522393,4.2627,-68,44,4,1
2025-05-07T22:00:00,7.477364,30874.01,46404.92,29.77036,2.687423,0.6718558,0.9554343,2.675216,-68,44,4,1
2025-05-07T23:00:00,7.800511,30225.53,45012.64,28.81155,3.221481,0.8053703,1.959422,5.486381,-68,44,4,1
2025-05-08T00:00:00,7.91877,29910.25,44393.79,28.3837,3.279938,0.8199846,4.084847,11.43757,-68,44,4,1
2025-05-08T01:00:00,7.850235,30005.47,44621.82,28.53937,2.664304,0.666076,1.352025,3.785669,-68,44,4,1
2025-05-08T02:00:00,7.711925,30166.14,45037.69,28.82215,2.586199,0.6465498,1.346417,3.769967,-68,44,4,1
2025-05-08T03:00:00,7.975532,29423.52,43601.21,27.82923,1.473829,0.3684573,1.277234,3.576255,-68,44,4,1
2025-05-08T04:00:00,7.678806,30237.19,45186.43,28.92459,2.462759,0.6156899,1.539956,4.311878,-68,44,4,1
2025-05-08T05:00:00,7.673237,30001.41,44841.21,28.68021,2.617897,0.6544743,1.237262,3.464335,-68,44,4,1
2025-05-08T06:00:00,7.721892,30103.44,44931.31,28.74778,2.288544,0.572136,1.280051,3.584142,-68,44,4,1
2025-05-08T07:00:00,7.421783,30444.1,45831.87,29.35956,1.901319,0.4753298,1.201075,3.363009,-68,44,4,1
2025-05-08T08:00:00,7.633361,30252.12,45267.47,28.97816,1.728357,0.4320891,0.5869021,1.643326,-68,44,4,1
2025-05-08T09:00:00,7.52429,30530.62,45827.05,29.36494,1.057556,0.2643889,0.2596528,0.7270278,-68,44,4,1
2025-05-08T10:00:00,7.565854,30859.26,46265.22,29.67895,0.5379462,0.1344866,0.1188319,0.3327293,-68,44,4,1
2025-05-08T11:00:00,7.455644,30842.38,46386.3,29.75526,0.3948741,0.09871852,-0.05918627,-0.1657216,-68,44,4,1
2025-05-08T12:00:00,8.002683,30784.22,45582.54,29.23099,0.5984946,0.1496237,0.0743859,0.2082805,-68,44,4,1
2025-05-08T13:00:00,7.656954,30810.04,46071.24,29.54916,0.6176015,0.1544004,0.2270699,0.6357957,-68,44,4,1
2025-05-08T14:00:00,8.079708,30859.24,45594.3,29.24538,0.3883585,0.09708963,-0.03932755,-0.1101172,-68,44,4,1
2025-05-08T15:00:00,8.431473,31096.53,45493.29,29.20052,0.5084274,0.1271068,0.2635131,0.7378367,-68,44,4,1
2025-05-08T16:00:00,7.817356,31288.31,46573.04,29.91875,0.7624676,0.1906169,0.3730596,1.044567,-68,44,4,1
2025-05-08T17:00:00,8.722337,31226.98,45315.82,29.0956,1.122684,0.280671,0.4900084,1.372023,-68,44,4,1
2025-05-08T18:00:00,7.950694,31177.77,46233.24,29.6884,1.941599,0.4853998,1.092669,3.059473,-68,44,4,1
2025-05-08T19:00:00,7.941298,31225.3,46316.05,29.74644,2.069136,0.5172841,0.7785036,2.17981,-68,44,4,1
2025-05-08T20:00:00,8.012397,31215.73,46208.79,29.67603,2.060627,0.5151567,0.9750479,2.730134,-68,44,4,1
2025-05-08T21:00:00,7.653725,31271.46,46765.53,30.04159,2.155978,0.5389946,1.108116,3.102726,-68,44,4,1
2025-05-08T22:00:00,7.346515,31332.17,47271.11,30.37362,2.700106,0.6750265,1.043905,2.922933,-68,44,4,1
2025-05-08T23:00:00,7.71751,31235.05,46626.13,29.94803,1.669037,0.4172591,0.805188,2.254526,-68,44,4,1
2025-05-09T00:00:00,7.915369,31292.25,46449.48,29.83909,1.694644,0.4236609,0.7400317,2.072089,-68,44,4,1
2025-05-09T01:00:00,7.487744,31209.21,46894.75,30.1189,2.10755,0.5268876,1.656896,4.639309,-68,44,4,1
2025-05-09T02:00:00,7.467194,31172.79,46867.68,30.09786,1.942723,0.4856806,1.467442,4.108837,-68,44,4,1
2025-05-09T03:00:00,7.18983,31012.11,47000.45,30.167,1.937468,0.4843671,1.768163,4.950856,-68,44,4,1
2025-05-09T04:00:00,7.186617,31035.04,47039.57,30.19448,1.956352,0.4890881,1.30355,3.649941,-68,44,4,1
2025-05-09T05:00:00,7.390111,31187.07,46993.18,30.1801,1.936711,0.4841778,1.325786,3.712201,-68,44,4,1
2025-05-09T06:00:00,7.411862,31210.68,46999.32,30.18641,1.174559,0.2936396,1.046705,2.930774,-68,44,4,1
2025-05-09T07:00:00,7.292647,31268.15,47247.88,30.35218,1.356256,0.3390641,1.163057,3.25656,-68,44,4,1
2025-05-09T08:00:00,7.013485,31206.67,47537.98,30.53203,1.247899,0.3119747,0.86558,2.423624,-68,44,4,1
2025-05-09T09:00:00,6.971266,31203.4,47591.47,30.56595,0.6925641,0.173141,0.7344869,2.056563,-68,44,4,1
2025-05-09T10:00:00,6.757471,31099,47729.5,30.64293,0.8718969,0.2179742,0.6571221,1.839942,-68,44,4,1
2025-05-09T11:00:00,6.989004,31320.86,47745.94,30.67743,0.8074168,0.2018542,0.5978264,1.673914,-68,44,4,1
2025-05-09T12:00:00,6.990838,31296.35,47706.04,30.64925,1.180175,0.2950438,0.854571,2.392799,-68,44,4,1
2025-05-09T13:00:00,6.883591,31055.76,47487.58,30.48365,1.53081,0.3827024,1.38081,3.866269,-68,44,4,1
2025-05-09T14:00:00,7.061916,31196.59,47455.76,30.47827,1.403879,0.3509698,1.068736,2.992461,-68,44,4,1
2025-05-09T15:00:00,7.042521,31244.47,47555.39,30.5472,1.235482,0.3088704,0.7809433,2.186641,-68,44,4,1
2025-05-09T16:00:00,7.045277,31248.76,47558.12,30.5494,1.79422,0.4485549,1.438141,4.026794,-68,44,4,1
2025-05-09T17:00:00,7.180616,31379.81,47570.41,30.57099,2.31806,0.579515,1.547701,4.333562,-68,44,4,1
2025-05-09T18:00:00,7.202919,31409.54,47584.75,30.58328,1.562106,0.3905264,1.533997,4.295192,-68,44,4,1
2025-05-09T19:00:00,7.117757,31405.12,47695.58,30.65403,2.993009,0.7482523,2.187523,6.125065,-68,44,4,1
2025-05-09T20:00:00,6.986496,31235.58,47619.42,30.58729,3.013475,0.7533688,2.153631,6.030167,-68,44,4,1
2025-05-09T21:00:00,6.865713,31192.3,47721.27,30.64785,1.86253,0.4656324,1.77366,4.966249,-68,44,4,1
2025-05-09T22:00:00,6.837636,31212.39,47791.22,30.69475,1.48278,0.370695,1.692815,4.739881,-68,44,4,1
2025-05-09T23:00:00,6.896383,31264.72,47789.24,30.69916,1.656867,0.4142168,1.574737,4.409265,-68,44,4,1
2025-05-10T00:00:00,6.841816,31254.95,47850.53,30.73731,1.915841,0.4789602,1.791573,5.016405,-68,44,4,1
2025-05-10T01:00:00,6.83868,31231.03,47818.3,30.71411,1.586771,0.3966927,1.48107,4.146996,-68,44,4,1
2025-05-10T02:00:00,6.753857,31138.22,47794.76,30.68892,1.725055,0.4312639,1.367541,3.829114,-68,44,4,1
2025-05-10T03:00:00,6.82196,31191.66,47781.38,30.68622,1.764999,0.4412498,1.190585,3.333637,-68,44,4,1
2025-05-10T04:00:00,6.74287,31105.29,47759.6,30.66286,1.247696,0.3119241,1.301725,3.644829,-68,44,4,1
2025-05-10T05:00:00,6.815587,31190.11,47787.92,30.69024,1.368358,0.3420896,1.164033,3.259293,-68,44,4,1
2025-05-10T06:00:00,6.806082,31214.2,47838.13,30.72496,1.568332,0.3920829,1.483008,4.152421,-68,44,4,1
2025-05-10T07:00:00,6.807861,31242.56,47879.1,30.75425,1.135048,0.2837619,1.135898,3.180513,-68,44,4,1
2025-05-10T08:00:00,6.715837,31200.74,47944.16,30.79122,1.183272,0.2958179,1.29174,3.616873,-68,44,4,1
2025-05-10T09:00:00,6.773604,31184.39,47837.93,30.72158,1.48099,0.3702476,1.29264,3.619392,-68,44,4,1
2025-05-10T10:00:00,6.767448,31189.27,47854.04,30.7324,0.8912703,0.2228176,1.228498,3.439795,-68,44,4,1
2025-05-10T11:00:00,6.718776,31179.6,47907.54,30.7655,0.9157776,0.2289444,1.229007,3.441219,-68,44,4,1
2025-05-10T12:00:00,6.768111,31190.06,47854.32,30.73266,1.458088,0.364522,1.42436,3.988208,-68,44,4,1
2025-05-10T13:00:00,6.720423,31042.56,47694.68,30.61452,1.071783,0.2679458,1.520454,4.257272,-68,44,4,1
2025-05-10T14:00:00,6.725547,31063.24,47719.27,30.6325,1.242698,0.3106745,1.874626,5.248952,-68,44,4,1
2025-05-10T15:00:00,6.711231,31089.17,47779.18,30.67358,1.567106,0.3917764,1.378394,3.859503,-68,44,4,1
2025-05-10T16:00:00,6.72271,31065.19,47726.24,30.63715,0.8759402,0.2189851,0.998049,2.794537,-68,44,4,1
2025-05-10T17:00:00,6.718782,31067.46,47735.23,30.64314,1.099307,0.2748267,1.022337,2.862544,-68,44,4,1
2025-05-10T18:00:00,6.723804,31087.39,47758.81,30.66038,1.970409,0.4926022,1.893298,5.301234,-68,44,4,1
2025-05-10T19:00:00,6.780897,31094.96,47690.54,30.61763,1.176239,0.2940597,1.265408,3.543142,-68,44,4,1
2025-05-10T20:00:00,6.716218,31083.17,47762.96,30.66256,1.585477,0.3963691,1.58571,4.439987,-68,44,4,1
2025-05-10T21:00:00,6.724739,31096.93,47772.15,30.66995,1.942922,0.4857305,1.785797,5.000232,-68,44,4,1
2025-05-10T22:00:00,6.775486,31125.6,47745.11,30.65583,1.555308,0.3888269,1.312428,3.674798,-68,44,4,1
2025-05-10T23:00:00,6.670673,31076.57,47816.73,30.69613,1.861642,0.4654106,1.391321,3.895698,-68,44,4,1
2025-05-11T00:00:00,6.646452,31090.8,47872.72,30.73342,1.296236,0.3240591,1.486669,4.162673,-68,44,4,1
2025-05-11T01:00:00,6.670125,31080.47,47823.51,30.70089,1.233932,0.308483,1.212729,3.395641,-68,44,4,1
2025-05-11T02:00:00,6.664429,31018.01,47735.39,30.63776,1.077135,0.2692838,1.19537,3.347035,-68,44,4,1
2025-05-11T03:00:00,6.641349,31040.33,47802.17,30.68282,0.9698952,0.2424738,1.046636,2.930581,-68,44,4,1
2025-05-11T04:00:00,6.664498,30997.47,47703.68,30.61526,1.044765,0.2611912,1.104686,3.093121,-68,44,4,1
2025-05-11T05:00:00,6.624029,31010.79,47781.03,30.66605,1.456398,0.3640996,1.338727,3.748437,-68,44,4,1
2025-05-11T06:00:00,6.631092,31027.93,47797.5,30.67846,1.250331,0.3125826,1.131011,3.166832,-68,44,4,1
2025-05-11T07:00:00,6.63159,31080.11,47877.17,30.73506,0.1596634,0.03991585,0.5480071,1.53442,-68,44,4,1
2025-05-11T08:00:00,6.645964,31095.31,47880.35,30.73878,0.1702479,0.04256199,0.4714445,1.320045,-68,44,4,1
2025-05-11T09:00:00,6.753508,31110.58,47752.82,30.65911,0.2641882,0.06604705,0.5154847,1.443357,-68,44,4,1
2025-05-11T10:00:00,6.733164,31120.47,47796.52,30.68808,0.2447168,0.06117921,0.584319,1.636093,-68,44,4,1
2025-05-11T11:00:00,6.848637,31252.12,47836.67,30.72814,0.2722506,0.06806265,0.6433605,1.801409,-68,44,4,1
2025-05-11T12:00:00,6.886003,31280.39,47827.69,30.72546,0.2836625,0.07091562,0.2643324,0.7401306,-68,44,4,1
2025-05-11T13:00:00,6.963207,31333.12,47800.54,30.71374,0.1258372,0.03145931,0.4309174,1.206569,-68,44,4,1
2025-05-11T14:00:00,7.054833,31338.76,47681.84,30.63824,0.07045071,0.01761268,0.4880837,1.366634,-68,44,4,1
2025-05-11T15:00:00,7.036489,31304.99,47655.87,30.61801,0.1253742,0.03134354,0.4578894,1.28209,-68,44,4,1
2025-05-11T16:00:00,7.04536,31258.06,47572.14,30.55937,0.3815237,0.09538092,0.5476538,1.533431,-68,44,4,1
2025-05-11T17:00:00,7.080518,31366.84,47688.97,30.64576,0.5843009,0.1460752,0.6267641,1.75494,-68,44,4,1
2025-05-11T18:00:00,7.015974,31322.02,47710.24,30.65467,1.166179,0.2915449,1.105433,3.095213,-68,44,4,1
2025-05-11T19:00:00,7.101515,31429.93,47755.76,30.69526,0.8387945,0.2096986,1.040519,2.913453,-68,44,4,1
2025-05-11T20:00:00,7.011618,31348.84,47757.16,30.6876,1.03684,0.25921,1.124243,3.147879,-68,44,4,1
2025-05-11T21:00:00,6.999265,31279.66,47668.9,30.62367,0.9557169,0.2389292,1.036728,2.902838,-68,44,4,1
2025-05-11T22:00:00,6.979252,31273.98,47688.02,30.63532,1.370194,0.3425484,1.129984,3.163954,-68,44,4,1
2025-05-11T23:00:00,6.908232,31276.44,47790.63,30.7013,1.181358,0.2953394,1.116335,3.125738,-68,44,4,1
2025-05-12T00:00:00,6.792139,31199.48,47835.1,30.72139,1.089331,0.2723327,1.575565,4.411581,-68,44,4,1
2025-05-12T01:00:00,6.774712,31162.08,47802.16,30.69625,1.088123,0.2720308,1.125102,3.150287,-68,44,4,1
2025-05-12T02:00:00,6.683745,31170.04,47942.14,30.78651,1.471156,0.3677891,1.225435,3.431218,-68,44,4,1
2025-05-12T03:00:00,6.673728,31119.44,47878.39,30.74022,0.8773084,0.2193271,1.073727,3.006435,-68,44,4,1
2025-05-12T04:00:00,6.657251,31106.81,47882.15,30.74121,1.193649,0.2984123,0.9500501,2.66014,-68,44,4,1
2025-05-12T05:00:00,6.663624,31145.94,47933.4,30.77826,0.7152823,0.1788206,0.7920634,2.217777,-68,44,4,1
2025-05-12T06:00:00,6.687063,31144.19,47897.72,30.75529,0.6115278,0.152882,1.027402,2.876725,-68,44,4,1
2025-05-12T07:00:00,6.648317,31164.54,47983.62,30.81236,0.6043394,0.1510849,1.294083,3.623433,-68,44,4,1
2025-05-12T08:00:00,6.65177,31169.58,47986.52,30.81477,0.333032,0.08325801,0.594583,1.664832,-68,44,4,1
2025-05-12T09:00:00,6.67451,31213.79,48022.46,30.84261,1.362629,0.3406572,1.255772,3.516162,-68,44,4,1
2025-05-12T10:00:00,6.720528,31194.64,47928.18,30.78032,0.3131828,0.07829569,0.783244,2.193083,-68,44,4,1
2025-05-12T11:00:00,6.87994,31307.74,47877.98,30.7606,0.1565323,0.03913308,0.3965122,1.110234,-68,44,4,1
2025-05-12T12:00:00,7.06658,31501.19,47912.62,30.80347,0.2247082,0.05617705,0.4828893,1.35209,-68,44,4,1
2025-05-12T13:00:00,7.220325,31665.23,47947.96,30.84332,0.2009263,0.05023158,0.4066345,1.138577,-68,44,4,1
2025-05-12T14:00:00,7.07301,31514.46,47923.86,30.81207,0.1303059,0.03257646,0.3752717,1.050761,-68,44,4,1
2025-05-12T15:00:00,7.030519,31506.35,47970.72,30.8413,0.1041353,0.02603382,0.4762847,1.333597,-68,44,4,1
2025-05-12T16:00:00,6.997912,31490.12,47991.53,30.85291,0.4899817,0.1224954,0.9109343,2.550616,-68,44,4,1
2025-05-12T17:00:00,7.005814,31442.01,47907.18,30.7937,0.7776084,0.1944021,1.161678,3.252698,-68,44,4,1
2025-05-12T18:00:00,6.930397,31407.25,47959.46,30.82351,0.830292,0.207573,1.016832,2.847131,-68,44,4,1
2025-05-12T19:00:00,7.063437,31454.58,47846.09,30.75584,1.271478,0.3178695,1.162302,3.254446,-68,44,4,1
2025-05-12T20:00:00,7.007086,31474.16,47954.39,30.8274,0.9335944,0.2333986,1.403147,3.928813,-68,44,4,1
2025-05-12T21:00:00,7.138786,31329.66,47551.98,30.55393,1.617945,0.4044862,1.182787,3.311803,-68,44,4,1
2025-05-12T22:00:00,7.091173,31337.98,47630.34,30.60511,1.238873,0.3097182,1.150771,3.22216,-68,44,4,1
2025-05-12T23:00:00,7.121772,31291.06,47516.83,30.52735,1.112151,0.2780377,1.06964,2.994993,-68,44,4,1
2025-05-13T00:00:00,7.003025,31226.95,47583.36,30.56326,1.733178,0.4332945,0.9944367,2.784423,-68,44,4,1
2025-05-13T01:00:00,6.922196,31267.95,47758.19,30.67963,1.117147,0.2792868,0.9067267,2.538835,-68,44,4,1
2025-05-13T02:00:00,7.019897,31007.59,47225.9,30.31107,1.577728,0.3944319,1.525264,4.27074,-68,44,4,1
2025-05-13T03:00:00,7.04073,30658.81,46666.43,29.91631,1.743695,0.4359237,1.458495,4.083787,-68,44,4,1
2025-05-13T04:00:00,7.091772,30711.37,46677.16,29.92866,2.406892,0.601723,1.760371,4.92904,-68,44,4,1
2025-05-13T05:00:00,7.029467,30653.5,46673.63,29.92035,2.32074,0.5801851,2.066032,5.78489,-68,44,4,1
2025-05-13T06:00:00,7.067722,30651.09,46618.09,29.88457,2.427442,0.6068605,1.955667,5.475867,-68,44,4,1
2025-05-13T07:00:00,7.069826,30748.29,46763.06,29.9875,0.8919182,0.2229795,0.3255462,0.9115294,-68,44,4,1
2025-05-13T08:00:00,7.130476,30828.56,46802.69,30.02123,0.6226298,0.1556574,0.161391,0.4518948,-68,44,4,1
2025-05-13T09:00:00,7.115553,31094.01,47226.12,30.32027,0.2398586,0.05996464,-0.2664837,-0.7461543,-68,44,4,1
2025-05-13T10:00:00,7.27423,31262.89,47265.05,30.36267,0.1220027,0.03050068,-0.2540263,-0.7112736,-68,44,4,1
2025-05-13T11:00:00,7.276343,31313.73,47339.02,30.41544,0.2726196,0.0681549,-0.2931429,-0.8208,-68,44,4,1
2025-05-13T12:00:00,7.752595,31650.31,47198.79,30.35817,0.0375089,0.009377224,-0.2198715,-0.6156402,-68,44,4,1
2025-05-13T13:00:00,7.848933,31909.43,47454.99,30.54887,0.1329171,0.03322927,-0.1784224,-0.4995828,-68,44,4,1
2025-05-13T14:00:00,7.803286,31793.14,47343.44,30.46549,0.2218599,0.05546498,-0.2657456,-0.7440878,-68,44,4,1
2025-05-13T15:00:00,7.857856,31824.9,47317.29,30.45154,0.30788,0.07697,-0.1345158,-0.3766442,-68,44,4,1
2025-05-13T16:00:00,7.667569,31764.74,47484.44,30.55412,0.2919393,0.07298483,-0.01252348,-0.03506574,-68,44,4,1
2025-05-13T17:00:00,7.708597,31817.6,47507.8,30.57435,0.5228399,0.13071,-0.1681051,-0.4706942,-68,44,4,1
2025-05-13T18:00:00,7.682024,31797.1,47513.2,30.57586,0.8980694,0.2245174,1.472678,4.123497,-68,44,4,1
2025-05-13T19:00:00,7.634061,31797.51,47578.93,30.61845,1.723271,0.4308177,0.5871221,1.643942,-68,44,4,1
2025-05-13T20:00:00,7.469824,31683.7,47632.22,30.64168,1.464243,0.3660607,0.9641587,2.699644,-68,44,4,1
2025-05-13T21:00:00,7.457338,31696.37,47668.36,30.66627,2.082995,0.5207487,1.1171,3.12788,-68,44,4,1
2025-05-13T22:00:00,7.388942,31606.84,47627.29,30.63079,1.90911,0.4772774,0.9655999,2.70368,-68,44,4,1
2025-05-13T23:00:00,7.252743,31524.17,47689.65,30.66254,1.714081,0.4285203,0.5467731,1.530965,-68,44,4,1
2025-05-14T00:00:00,7.283896,31546.68,47680.79,30.65915,2.401499,0.6003748,1.23217,3.450075,-68,44,4,1
2025-05-14T01:00:00,7.393773,31706.41,47770.68,30.7333,1.993075,0.4982687,1.0855,3.039401,-68,44,4,1
2025-05-14T02:00:00,7.234228,31584.05,47805.82,30.74346,1.694457,0.4236143,0.5107023,1.429966,-68,44,4,1
2025-05-14T03:00:00,7.155741,31479.54,47756,30.70059,1.721975,0.4304937,1.398709,3.916386,-68,44,4,1
2025-05-14T04:00:00,7.034252,31421.05,47835.65,30.7456,1.577195,0.3942988,1.074073,3.007404,-68,44,4,1
2025-05-14T05:00:00,7.021367,31415.39,47844.97,30.75097,2.038311,0.5095778,1.552364,4.346618,-68,44,4,1
2025-05-14T06:00:00,7.003253,31397.42,47842.8,30.74767,1.222174,0.3055435,0.7020469,1.965731,-68,44,4,1
2025-05-14T07:00:00,7.017424,31389.57,47811.13,30.72653,1.939686,0.4849214,0.9959863,2.788762,-68,44,4,1
2025-05-14T08:00:00,7.088522,31525.96,47919.75,30.81065,0.4336213,0.1084053,0.1762962,0.4936293,-68,44,4,1
2025-05-14T09:00:00,7.154018,31561.24,47882.33,30.79031,0.529651,0.1324127,-0.1268163,-0.3550856,-68,44,4,1
2025-05-14T10:00:00,7.390125,31725.26,47804.1,30.75675,0.1242299,0.03105749,-0.184608,-0.5169024,-68,44,4,1
2025-05-14T11:00:00,7.328817,31689.29,47834.31,30.77258,0.5303422,0.1325855,0.8321842,2.330116,-68,44,4,1
2025-05-14T12:00:00,7.747509,31977.03,47692.93,30.70965,1.583186,0.3957966,-0.1131473,-0.3168125,-68,44,4,1
2025-05-14T13:00:00,7.78359,32024.32,47714.41,30.72811,0.3999073,0.09997683,-0.203191,-0.5689349,-68,44,4,1
2025-05-14T14:00:00,7.915562,32226.25,47835.62,30.82597,0.3234314,0.08085786,-0.1148572,-0.3216001,-68,44,4,1
2025-05-14T15:00:00,7.610381,31948.49,47837.23,30.80036,0.2622052,0.0655513,-0.1267999,-0.3550396,-68,44,4,1
2025-05-14T16:00:00,8.236101,32476.69,47773.22,30.80831,0.2581984,0.06454961,-0.2120742,-0.5938078,-68,44,4,1
2025-05-14T17:00:00,7.655248,31920.06,47733.41,30.73038,0.6280428,0.1570107,0.1542996,0.4320389,-68,44,4,1
2025-05-14T18:00:00,7.408969,31780.6,47861.53,30.7994,2.488773,0.6221932,1.254506,3.512618,-68,44,4,1
2025-05-14T19:00:00,7.491072,31848.15,47850.26,30.79888,1.755432,0.4388581,0.569919,1.595773,-68,44,4,1
2025-05-14T20:00:00,7.558106,31937.19,47891.91,30.83464,1.605275,0.4013188,0.9578818,2.682069,-68,44,4,1
2025-05-14T21:00:00,7.659777,31955.35,47780,30.76399,2.556331,0.6390828,1.313059,3.676565,-68,44,4,1
2025-05-14T22:00:00,7.635971,32052.16,47957.36,30.88829,2.362284,0.590571,1.027466,2.876905,-68,44,4,1